ax,ay,az,label,sample
7.51108169556,-2.29503250122,-9.5643863678,0.0,0
7.51108169556,-2.29503250122,-9.5643863678,0.0,0
-1.10078620911,3.29087471962,-4.19228553772,0.0,0
-1.10078620911,3.29087471962,-4.19228553772,0.0,0
4.55844163895,9.76636791229,-1.1629576683,0.0,0
4.55844163895,9.76636791229,-1.1629576683,0.0,0
16.1402072906,-3.43702411652,-13.8354883194,0.0,0
16.1402072906,-3.43702411652,-13.8354883194,0.0,0
21.4283332825,-15.2218265533,-23.2419147491,0.0,0
21.4283332825,-15.2218265533,-23.2419147491,0.0,0
8.63957977295,0.969377994537,-14.3830595016,0.0,0
8.63957977295,0.969377994537,-14.3830595016,0.0,0
2.22526359558,4.31624603271,-1.49512386322,0.0,0
2.22526359558,4.31624603271,-1.49512386322,0.0,0
2.07597208023,1.3301281929,-0.7906498909,0.0,0
2.07597208023,1.3301281929,-0.7906498909,0.0,0
3.16235351562,2.6246573925,-4.01938295364,0.0,1
3.16235351562,2.6246573925,-4.01938295364,0.0,1
-0.0469923019409,1.96640133858,-4.52587795258,0.0,1
-0.0469923019409,1.96640133858,-4.52587795258,0.0,1
3.02980589867,0.705184936523,-2.60259771347,0.0,1
3.02980589867,0.705184936523,-2.60259771347,0.0,1
20.2981853485,0.712381362915,-11.4835968018,0.0,1
20.2981853485,0.712381362915,-11.4835968018,0.0,1
22.8302459717,-14.590297699,-21.3214435577,0.0,1
22.8302459717,-14.590297699,-21.3214435577,0.0,1
1.32340693474,-1.43471240997,-7.29100608826,0.0,1
1.32340693474,-1.43471240997,-7.29100608826,0.0,1
0.858321905136,-0.349640846252,0.939551115036,0.0,1
0.858321905136,-0.349640846252,0.939551115036,0.0,1
-0.859167098999,1.9509472847,-3.4037706852,0.0,1
-0.859167098999,1.9509472847,-3.4037706852,0.0,1
23.000246048,-6.48263406754,-7.99297761917,0.0,2
23.000246048,-6.48263406754,-7.99297761917,0.0,2
15.946846962,-5.99762248993,-10.3344860077,0.0,2
15.946846962,-5.99762248993,-10.3344860077,0.0,2
3.64437007904,2.74800896645,-6.94189929962,0.0,2
3.64437007904,2.74800896645,-6.94189929962,0.0,2
5.20028114319,7.99749088287,-6.75329780579,0.0,2
5.20028114319,7.99749088287,-6.75329780579,0.0,2
36.8536338806,-34.7853164673,-32.4507408142,0.0,2
36.8536338806,-34.7853164673,-32.4507408142,0.0,2
7.11847734451,-4.42442131042,-29.4241962433,0.0,2
7.11847734451,-4.42442131042,-29.4241962433,0.0,2
1.63014948368,0.621941566467,-4.92767238617,0.0,2
1.63014948368,0.621941566467,-4.92767238617,0.0,2
7.91180992126,-0.123816490173,1.60871207714,0.0,2
7.91180992126,-0.123816490173,1.60871207714,0.0,2
15.0765275955,-1.11824607849,-6.15492105484,0.0,3
15.0765275955,-1.11824607849,-6.15492105484,0.0,3
6.13102817535,-2.11767292023,-3.68162679672,0.0,3
6.13102817535,-2.11767292023,-3.68162679672,0.0,3
-0.165239810944,1.72602081299,-2.98026800156,0.0,3
-0.165239810944,1.72602081299,-2.98026800156,0.0,3
2.85815763474,7.53496217728,-2.90597510338,0.0,3
2.85815763474,7.53496217728,-2.90597510338,0.0,3
19.65376091,-0.285872936249,-16.1910037994,0.0,3
19.65376091,-0.285872936249,-16.1910037994,0.0,3
15.6647224426,-6.40641784668,-14.9489307404,0.0,3
15.6647224426,-6.40641784668,-14.9489307404,0.0,3
3.34748864174,2.68727064133,-6.91089916229,0.0,3
3.34748864174,2.68727064133,-6.91089916229,0.0,3
-0.0567088127136,4.53526115417,-2.06167244911,0.0,3
-0.0567088127136,4.53526115417,-2.06167244911,0.0,3
21.243183136,-4.14878177643,-7.44188976288,0.0,4
21.243183136,-4.14878177643,-7.44188976288,0.0,4
6.30495834351,-4.08233976364,-9.60321998596,0.0,4
6.30495834351,-4.08233976364,-9.60321998596,0.0,4
1.08406591415,7.41990089417,-0.877150774002,0.0,4
1.08406591415,7.41990089417,-0.877150774002,0.0,4
8.23843765259,0.864967346191,-10.8270273209,0.0,4
8.23843765259,0.864967346191,-10.8270273209,0.0,4
21.441734314,-19.863237381,-16.1577949524,0.0,4
21.441734314,-19.863237381,-16.1577949524,0.0,4
12.0601377487,-3.19090938568,-15.8803462982,0.0,4
12.0601377487,-3.19090938568,-15.8803462982,0.0,4
-0.235428094864,5.03064918518,-2.6651263237,0.0,4
-0.235428094864,5.03064918518,-2.6651263237,0.0,4
2.21681571007,5.17942047119,1.82974362373,0.0,4
2.21681571007,5.17942047119,1.82974362373,0.0,4
-1.76270341873,-0.859749317169,-1.75541985035,0.0,5
-1.76270341873,-0.859749317169,-1.75541985035,0.0,5
0.427137374878,-0.486436367035,-2.51946473122,0.0,5
0.427137374878,-0.486436367035,-2.51946473122,0.0,5
2.57269048691,2.16030740738,-1.02760481834,0.0,5
2.57269048691,2.16030740738,-1.02760481834,0.0,5
12.8514204025,4.12242221832,6.51704025269,0.0,5
12.8514204025,4.12242221832,6.51704025269,0.0,5
22.5323638916,-11.6969528198,-17.6668052673,0.0,5
22.5323638916,-11.6969528198,-17.6668052673,0.0,5
14.4613704681,6.73306417465,-5.97007417679,0.0,5
14.4613704681,6.73306417465,-5.97007417679,0.0,5
2.38380384445,4.69987487793,-4.32596158981,0.0,5
2.38380384445,4.69987487793,-4.32596158981,0.0,5
0.719698190689,1.02488899231,-2.5832722187,0.0,5
0.719698190689,1.02488899231,-2.5832722187,0.0,5
0.583487987518,1.18198347092,-1.87007498741,0.0,6
0.583487987518,1.18198347092,-1.87007498741,0.0,6
0.659717559814,1.01203536987,-0.0414925813675,0.0,6
0.659717559814,1.01203536987,-0.0414925813675,0.0,6
3.71058320999,0.792005062103,1.36385321617,0.0,6
3.71058320999,0.792005062103,1.36385321617,0.0,6
16.8032722473,5.03999519348,4.08890724182,0.0,6
16.8032722473,5.03999519348,4.08890724182,0.0,6
14.3397636414,-3.72060108185,-16.0950889587,0.0,6
14.3397636414,-3.72060108185,-16.0950889587,0.0,6
11.003862381,7.31764984131,-5.30588817596,0.0,6
11.003862381,7.31764984131,-5.30588817596,0.0,6
1.29864406586,5.74745941162,-4.14033985138,0.0,6
1.29864406586,5.74745941162,-4.14033985138,0.0,6
0.779042720795,1.43370485306,-1.20961368084,0.0,6
0.779042720795,1.43370485306,-1.20961368084,0.0,6
12.6352729797,-1.32607841492,-4.97181987762,0.0,7
12.6352729797,-1.32607841492,-4.97181987762,0.0,7
4.38595819473,-0.56649017334,-6.83517885208,0.0,7
4.38595819473,-0.56649017334,-6.83517885208,0.0,7
1.70952796936,9.17858982086,-5.69260454178,0.0,7
1.70952796936,9.17858982086,-5.69260454178,0.0,7
12.4692363739,6.66935873032,-6.59773874283,0.0,7
12.4692363739,6.66935873032,-6.59773874283,0.0,7
20.3711223602,-14.996761322,-16.2850780487,0.0,7
20.3711223602,-14.996761322,-16.2850780487,0.0,7
11.0058794022,-3.23076200485,-10.9887199402,0.0,7
11.0058794022,-3.23076200485,-10.9887199402,0.0,7
4.06399345398,4.89713478088,-5.77026319504,0.0,7
4.06399345398,4.89713478088,-5.77026319504,0.0,7
5.33255004883,2.83077549934,0.262917518616,0.0,7
5.33255004883,2.83077549934,0.262917518616,0.0,7
-0.627802848816,1.06289863586,0.267003536224,0.0,8
-0.627802848816,1.06289863586,0.267003536224,0.0,8
1.5678935051,-5.04391098022,0.939068675041,0.0,8
1.5678935051,-5.04391098022,0.939068675041,0.0,8
-5.61667537689,2.54430580139,-0.510390996933,0.0,8
-5.61667537689,2.54430580139,-0.510390996933,0.0,8
-3.6972258091,3.11237859726,0.964473009109,0.0,8
-3.6972258091,3.11237859726,0.964473009109,0.0,8
-27.1615428925,-0.02991771698,-5.04494428635,0.0,8
-27.1615428925,-0.02991771698,-5.04494428635,0.0,8
-1.9508920908,-6.73143959045,-24.0514087677,0.0,8
-1.9508920908,-6.73143959045,-24.0514087677,0.0,8
-16.5121688843,-6.56110954285,-10.5376358032,0.0,8
-16.5121688843,-6.56110954285,-10.5376358032,0.0,8
-16.5121688843,-6.56110954285,-10.5376358032,0.0,8
-6.86666297913,-9.06561470032,4.96656656265,0.0,8
22.2812004089,-6.63350582123,-9.32510280609,0.0,9
22.2812004089,-6.63350582123,-9.32510280609,0.0,9
6.46251583099,-8.32717609406,-12.5674343109,0.0,9
6.46251583099,-8.32717609406,-12.5674343109,0.0,9
-1.45033693314,3.02945685387,-4.38944005966,0.0,9
-1.45033693314,3.02945685387,-4.38944005966,0.0,9
1.60884904861,6.71399593353,-8.50015068054,0.0,9
1.60884904861,6.71399593353,-8.50015068054,0.0,9
39.8096694946,-25.7916564941,-17.418510437,0.0,9
39.8096694946,-25.7916564941,-17.418510437,0.0,9
1.14969491959,-7.23422288895,-21.3876152039,0.0,9
1.14969491959,-7.23422288895,-21.3876152039,0.0,9
5.31280040741,6.47024154663,-6.49387836456,0.0,9
5.31280040741,6.47024154663,-6.49387836456,0.0,9
-1.32972192764,4.39321231842,-2.93716669083,0.0,9
-1.32972192764,4.39321231842,-2.93716669083,0.0,9
3.03038525581,-0.289783477783,0.176044583321,0.0,10
3.03038525581,-0.289783477783,0.176044583321,0.0,10
-1.81515192986,6.40757083893,1.75853085518,0.0,10
-1.81515192986,6.40757083893,1.75853085518,0.0,10
-2.49814295769,5.78901863098,-2.02257871628,0.0,10
-2.49814295769,5.78901863098,-2.02257871628,0.0,10
33.5666999817,1.34936904907,-15.2811508179,0.0,10
33.5666999817,1.34936904907,-15.2811508179,0.0,10
40.0667991638,-19.088722229,-36.1048622131,0.0,10
40.0667991638,-19.088722229,-36.1048622131,0.0,10
-1.42506456375,-1.82590985298,-16.2939605713,0.0,10
-1.42506456375,-1.82590985298,-16.2939605713,0.0,10
-3.05096769333,-2.13760280609,-4.30620288849,0.0,10
-3.05096769333,-2.13760280609,-4.30620288849,0.0,10
8.61133480072,0.250414848328,-7.47182321548,0.0,10
8.61133480072,0.250414848328,-7.47182321548,0.0,10
-0.349529504776,3.43555164337,-1.46075999737,0.0,11
-0.349529504776,3.43555164337,-1.46075999737,0.0,11
-3.4840555191,-3.09882640839,-4.52975416183,0.0,11
-3.4840555191,-3.09882640839,-4.52975416183,0.0,11
2.40392398834,-3.07069396973,0.246757984161,0.0,11
2.40392398834,-3.07069396973,0.246757984161,0.0,11
7.49414634705,11.7304468155,-6.87221002579,0.0,11
7.49414634705,11.7304468155,-6.87221002579,0.0,11
36.8762168884,-14.7830820084,-17.6552677155,0.0,11
36.8762168884,-14.7830820084,-17.6552677155,0.0,11
23.0477523804,-0.0712900161743,-19.8926486969,0.0,11
23.0477523804,-0.0712900161743,-19.8926486969,0.0,11
2.78739857674,9.67378330231,-4.96195793152,0.0,11
2.78739857674,9.67378330231,-4.96195793152,0.0,11
-1.9353928566,0.990474700928,2.3202009201,0.0,11
-1.9353928566,0.990474700928,2.3202009201,0.0,11
0.344056129456,1.00527048111,-0.838621139526,0.0,12
0.344056129456,1.00527048111,-0.838621139526,0.0,12
1.99072933197,0.928154945374,-0.661253213882,0.0,12
1.99072933197,0.928154945374,-0.661253213882,0.0,12
0.649127006531,0.895059585571,-0.350947380066,0.0,12
0.649127006531,0.895059585571,-0.350947380066,0.0,12
7.04494857788,0.583434104919,9.54965209961,0.0,12
7.04494857788,0.583434104919,9.54965209961,0.0,12
26.8898391724,-5.05030298233,-10.9733486176,0.0,12
26.8898391724,-5.05030298233,-10.9733486176,0.0,12
15.9626235962,1.39578962326,-10.5294475555,0.0,12
15.9626235962,1.39578962326,-10.5294475555,0.0,12
4.54496860504,3.46481323242,-6.21663188934,0.0,12
4.54496860504,3.46481323242,-6.21663188934,0.0,12
0.150315284729,1.0172958374,-1.55425596237,0.0,12
0.150315284729,1.0172958374,-1.55425596237,0.0,12
-1.06979560852,0.948748350143,-1.10413503647,0.0,13
-1.06979560852,0.948748350143,-1.10413503647,0.0,13
3.63471364975,-3.02377748489,0.483602404594,0.0,13
3.63471364975,-3.02377748489,0.483602404594,0.0,13
0.770350456238,5.01642131805,0.326035141945,0.0,13
0.770350456238,5.01642131805,0.326035141945,0.0,13
9.60766029358,13.0845499039,-5.62499141693,0.0,13
9.60766029358,13.0845499039,-5.62499141693,0.0,13
35.7441253662,-12.401717186,-20.3327693939,0.0,13
35.7441253662,-12.401717186,-20.3327693939,0.0,13
9.27911090851,3.10657978058,-12.6035690308,0.0,13
9.27911090851,3.10657978058,-12.6035690308,0.0,13
1.54225301743,0.149893283844,-12.8353700638,0.0,13
1.54225301743,0.149893283844,-12.8353700638,0.0,13
2.06429815292,-0.481914997101,-2.07362437248,0.0,13
2.06429815292,-0.481914997101,-2.07362437248,0.0,13
1.35908794403,-4.0913438797,-0.404083967209,0.0,14
1.35908794403,-4.0913438797,-0.404083967209,0.0,14
6.00102806091,-2.27196407318,0.486688137054,0.0,14
6.00102806091,-2.27196407318,0.486688137054,0.0,14
7.55692148209,4.8563079834,-3.0937101841,0.0,14
7.55692148209,4.8563079834,-3.0937101841,0.0,14
24.0509719849,5.40045213699,-3.9267988205,0.0,14
24.0509719849,5.40045213699,-3.9267988205,0.0,14
27.7782115936,-16.0743923187,-14.6774368286,0.0,14
27.7782115936,-16.0743923187,-14.6774368286,0.0,14
1.18802309036,-1.2930688858,-9.77761936188,0.0,14
1.18802309036,-1.2930688858,-9.77761936188,0.0,14
-5.61216211319,4.98230171204,-8.00806808472,0.0,14
-5.61216211319,4.98230171204,-8.00806808472,0.0,14
-3.9759516716,6.19612121582,-5.88422107697,0.0,14
-3.9759516716,6.19612121582,-5.88422107697,0.0,14
2.47615098953,5.06359004974,-1.41734230518,1.0,15
2.47615098953,5.06359004974,-1.41734230518,1.0,15
0.711081504822,-2.2518286705,-1.30938851833,1.0,15
0.711081504822,-2.2518286705,-1.30938851833,1.0,15
-2.5043296814,-2.39772415161,-5.88965606689,1.0,15
-2.5043296814,-2.39772415161,-5.88965606689,1.0,15
2.2102098465,6.47029161453,-12.7756128311,1.0,15
2.2102098465,6.47029161453,-12.7756128311,1.0,15
51.14245224,-7.52032089233,-23.9856872559,1.0,15
51.14245224,-7.52032089233,-23.9856872559,1.0,15
31.7131404877,6.77525615692,-8.62739372253,1.0,15
31.7131404877,6.77525615692,-8.62739372253,1.0,15
12.199678421,4.72996330261,1.86186361313,1.0,15
12.199678421,4.72996330261,1.86186361313,1.0,15
8.7566318512,-0.626737117767,0.0986680984497,1.0,15
8.7566318512,-0.626737117767,0.0986680984497,1.0,15
5.62971401215,-0.473620414734,-12.9725599289,1.0,16
5.62971401215,-0.473620414734,-12.9725599289,1.0,16
6.69727754593,0.799457550049,-8.17768096924,1.0,16
6.69727754593,0.799457550049,-8.17768096924,1.0,16
-1.71786165237,-2.91162633896,-7.98337364197,1.0,16
-1.71786165237,-2.91162633896,-7.98337364197,1.0,16
12.2334423065,3.32710957527,-20.7306594849,1.0,16
12.2334423065,3.32710957527,-20.7306594849,1.0,16
39.7203941345,10.7936477661,-24.9528980255,1.0,16
39.7203941345,10.7936477661,-24.9528980255,1.0,16
31.0205078125,5.23004722595,-1.78938698769,1.0,16
31.0205078125,5.23004722595,-1.78938698769,1.0,16
-1.74650192261,-0.653182983398,1.63100838661,1.0,16
-1.74650192261,-0.653182983398,1.63100838661,1.0,16
0.088987827301,-1.1150021553,1.13110482693,1.0,16
0.088987827301,-1.1150021553,1.13110482693,1.0,16
-0.887106895447,-3.48741579056,0.0468099117279,1.0,17
-0.887106895447,-3.48741579056,0.0468099117279,1.0,17
-1.64117360115,0.139226436615,-3.98415970802,1.0,17
-1.64117360115,0.139226436615,-3.98415970802,1.0,17
1.55028736591,3.49313211441,-12.8819332123,1.0,17
1.55028736591,3.49313211441,-12.8819332123,1.0,17
13.376039505,2.59362125397,-11.9130430222,1.0,17
13.376039505,2.59362125397,-11.9130430222,1.0,17
8.7981338501,-7.41925191879,-26.3789405823,1.0,17
8.7981338501,-7.41925191879,-26.3789405823,1.0,17
-1.6362272501,1.10165023804,-1.79896402359,1.0,17
-1.6362272501,1.10165023804,-1.79896402359,1.0,17
7.45898246765,15.4885730743,-5.48918771744,1.0,17
7.45898246765,15.4885730743,-5.48918771744,1.0,17
3.71504545212,-4.17928695679,-7.61306905746,1.0,17
3.71504545212,-4.17928695679,-7.61306905746,1.0,17
1.60390949249,-4.231590271,-4.39101362228,1.0,18
1.60390949249,-4.231590271,-4.39101362228,1.0,18
0.851831436157,-6.50356721878,-2.5389111042,1.0,18
0.851831436157,-6.50356721878,-2.5389111042,1.0,18
-3.39494752884,-4.98575687408,-0.62203001976,1.0,18
-3.39494752884,-4.98575687408,-0.62203001976,1.0,18
-7.6571149826,-1.09118318558,-9.00504302979,1.0,18
-7.6571149826,-1.09118318558,-9.00504302979,1.0,18
6.56822395325,5.53789377213,-21.9607276917,1.0,18
6.56822395325,5.53789377213,-21.9607276917,1.0,18
9.36853790283,-2.86355876923,-13.8235683441,1.0,18
9.36853790283,-2.86355876923,-13.8235683441,1.0,18
8.52147102356,-3.11412525177,-8.09270191193,1.0,18
8.52147102356,-3.11412525177,-8.09270191193,1.0,18
6.64885044098,15.0023679733,-5.52098560333,1.0,18
6.64885044098,15.0023679733,-5.52098560333,1.0,18
0.953605651855,1.57656788826,-0.920848250389,1.0,19
0.953605651855,1.57656788826,-0.920848250389,1.0,19
0.0257205963135,1.37345993519,-0.724261164665,1.0,19
0.0257205963135,1.37345993519,-0.724261164665,1.0,19
-0.693437576294,-1.60776865482,-1.12101709843,1.0,19
-0.693437576294,-1.60776865482,-1.12101709843,1.0,19
-0.371802330017,-1.83049464226,-6.03113603592,1.0,19
-0.371802330017,-1.83049464226,-6.03113603592,1.0,19
18.0387477875,-0.368945598602,-31.6060009003,1.0,19
18.0387477875,-0.368945598602,-31.6060009003,1.0,19
30.7440128326,-1.50732851028,-14.0118789673,1.0,19
30.7440128326,-1.50732851028,-14.0118789673,1.0,19
6.93714141846,13.8833093643,-5.10977554321,1.0,19
6.93714141846,13.8833093643,-5.10977554321,1.0,19
6.6887793541,3.9870800972,2.04836606979,1.0,19
6.6887793541,3.9870800972,2.04836606979,1.0,19
-1.35540056229,-3.58618831635,-5.58095550537,1.0,20
-1.35540056229,-3.58618831635,-5.58095550537,1.0,20
-0.67146396637,-3.88751840591,-6.82647562027,1.0,20
-0.67146396637,-3.88751840591,-6.82647562027,1.0,20
-5.5717549324,0.068320274353,-3.55841779709,1.0,20
-5.5717549324,0.068320274353,-3.55841779709,1.0,20
-1.13629055023,1.37253093719,-13.9041748047,1.0,20
-1.13629055023,1.37253093719,-13.9041748047,1.0,20
35.9204139709,-1.83251857758,-9.81289672852,1.0,20
35.9204139709,-1.83251857758,-9.81289672852,1.0,20
3.04942512512,-9.25156402588,-24.7671585083,1.0,20
3.04942512512,-9.25156402588,-24.7671585083,1.0,20
11.0752830505,16.8663387299,0.800805568695,1.0,20
11.0752830505,16.8663387299,0.800805568695,1.0,20
14.4184808731,2.62387418747,-7.20252513885,1.0,20
14.4184808731,2.62387418747,-7.20252513885,1.0,20
-2.00888252258,-10.5750780106,-10.8210067749,1.0,21
-2.00888252258,-10.5750780106,-10.8210067749,1.0,21
-4.16299724579,-5.21703243256,-14.7524929047,1.0,21
-4.16299724579,-5.21703243256,-14.7524929047,1.0,21
-3.66436386108,-2.02749633789,-10.114815712,1.0,21
-3.66436386108,-2.02749633789,-10.114815712,1.0,21
5.76692485809,3.76141500473,-16.4137573242,1.0,21
5.76692485809,3.76141500473,-16.4137573242,1.0,21
33.4891242981,2.63701820374,-4.68102550507,1.0,21
33.4891242981,2.63701820374,-4.68102550507,1.0,21
1.83414793015,-2.64806509018,-26.3436203003,1.0,21
1.83414793015,-2.64806509018,-26.3436203003,1.0,21
14.0187253952,23.9619903564,-2.29454660416,1.0,21
14.0187253952,23.9619903564,-2.29454660416,1.0,21
13.2157869339,-5.38092565536,-7.09654903412,1.0,21
13.2157869339,-5.38092565536,-7.09654903412,1.0,21
0.822844028473,0.912951946259,0.324928760529,1.0,22
0.822844028473,0.912951946259,0.324928760529,1.0,22
-2.28680562973,-2.21502017975,-3.09831857681,1.0,22
-2.28680562973,-2.21502017975,-3.09831857681,1.0,22
-1.96222639084,2.97057676315,-5.08490180969,1.0,22
-1.96222639084,2.97057676315,-5.08490180969,1.0,22
1.18490457535,6.49339342117,-14.5290613174,1.0,22
1.18490457535,6.49339342117,-14.5290613174,1.0,22
18.8178901672,4.83542251587,-26.3655395508,1.0,22
18.8178901672,4.83542251587,-26.3655395508,1.0,22
4.92369222641,7.06804275513,-15.7305812836,1.0,22
4.92369222641,7.06804275513,-15.7305812836,1.0,22
8.23829841614,7.51466846466,-14.9391803741,1.0,22
8.23829841614,7.51466846466,-14.9391803741,1.0,22
7.63472080231,1.96670341492,-3.64093637466,1.0,22
7.63472080231,1.96670341492,-3.64093637466,1.0,22
-0.104099273682,-0.230038523674,1.40877079964,1.0,23
-0.104099273682,-0.230038523674,1.40877079964,1.0,23
0.479720115662,-1.71581292152,1.72194314003,1.0,23
0.479720115662,-1.71581292152,1.72194314003,1.0,23
-1.9627199173,-2.33120274544,-4.02953910828,1.0,23
-1.9627199173,-2.33120274544,-4.02953910828,1.0,23
-0.937186717987,-2.29675865173,-10.0247306824,1.0,23
-0.937186717987,-2.29675865173,-10.0247306824,1.0,23
33.3640594482,-6.0311498642,-25.060634613,1.0,23
33.3640594482,-6.0311498642,-25.060634613,1.0,23
21.4717731476,-3.88344621658,-3.54326534271,1.0,23
21.4717731476,-3.88344621658,-3.54326534271,1.0,23
13.0320243835,11.2017002106,0.377200603485,1.0,23
13.0320243835,11.2017002106,0.377200603485,1.0,23
4.22509145737,-1.8101079464,-1.99999475479,1.0,23
4.22509145737,-1.8101079464,-1.99999475479,1.0,23
-0.826526761055,0.525630950928,-1.30695581436,1.0,24
-0.826526761055,0.525630950928,-1.30695581436,1.0,24
-2.73654437065,-0.472496986389,-3.50465631485,1.0,24
-2.73654437065,-0.472496986389,-3.50465631485,1.0,24
-1.20276105404,3.36935901642,-4.89456176758,1.0,24
-1.20276105404,3.36935901642,-4.89456176758,1.0,24
-2.96012163162,3.77911996841,-7.18296003342,1.0,24
-2.96012163162,3.77911996841,-7.18296003342,1.0,24
-39.1415901184,-3.24854683876,-4.57866573334,1.0,24
-39.1415901184,-3.24854683876,-4.57866573334,1.0,24
-22.4768676758,-3.49888753891,-21.9155254364,1.0,24
-22.4768676758,-3.49888753891,-21.9155254364,1.0,24
-21.1533584595,2.05245709419,2.39791822433,1.0,24
-21.1533584595,2.05245709419,2.39791822433,1.0,24
-2.38084602356,-1.27702188492,0.734561920166,1.0,24
-2.38084602356,-1.27702188492,0.734561920166,1.0,24
-0.431266784668,-7.27740716934,-12.462556839,1.0,25
-0.431266784668,-7.27740716934,-12.462556839,1.0,25
-3.1670088768,-4.39006567001,-9.69000530243,1.0,25
-3.1670088768,-4.39006567001,-9.69000530243,1.0,25
-0.791773557663,3.42746067047,-15.155134201,1.0,25
-0.791773557663,3.42746067047,-15.155134201,1.0,25
29.0010223389,-9.11820793152,-13.3306703568,1.0,25
29.0010223389,-9.11820793152,-13.3306703568,1.0,25
17.4669857025,-14.9884643555,-31.2882156372,1.0,25
17.4669857025,-14.9884643555,-31.2882156372,1.0,25
23.6773471832,18.7936668396,-9.81173324585,1.0,25
23.6773471832,18.7936668396,-9.81173324585,1.0,25
18.1261787415,3.68102407455,-2.97393393517,1.0,25
18.1261787415,3.68102407455,-2.97393393517,1.0,25
6.49303245544,-18.2493438721,-0.895620346069,1.0,25
6.49303245544,-18.2493438721,-0.895620346069,1.0,25
3.96794319153,-6.00778198242,-14.6393499374,1.0,26
3.96794319153,-6.00778198242,-14.6393499374,1.0,26
0.438443183899,-3.88944244385,-10.4548435211,1.0,26
0.438443183899,-3.88944244385,-10.4548435211,1.0,26
-9.21110630035,-2.5864033699,-7.29021644592,1.0,26
-9.21110630035,-2.5864033699,-7.29021644592,1.0,26
-5.39663696289,-1.05001688004,-16.8477554321,1.0,26
-5.39663696289,-1.05001688004,-16.8477554321,1.0,26
33.3537216187,10.4066314697,-6.33483552933,1.0,26
33.3537216187,10.4066314697,-6.33483552933,1.0,26
12.2323551178,0.445251464844,-26.0441474915,1.0,26
12.2323551178,0.445251464844,-26.0441474915,1.0,26
12.9664545059,24.4239292145,-1.60249102116,1.0,26
12.9664545059,24.4239292145,-1.60249102116,1.0,26
15.7874546051,-0.536245822906,-6.49767017365,1.0,26
15.7874546051,-0.536245822906,-6.49767017365,1.0,26
2.11723518372,-1.14135932922,-4.09019899368,1.0,27
2.11723518372,-1.14135932922,-4.09019899368,1.0,27
2.89053297043,-0.866604328156,-5.08248472214,1.0,27
2.89053297043,-0.866604328156,-5.08248472214,1.0,27
0.697417259216,-1.02598905563,-1.93242180347,1.0,27
0.697417259216,-1.02598905563,-1.93242180347,1.0,27
-6.16177845001,-2.48460769653,-15.0160331726,1.0,27
-6.16177845001,-2.48460769653,-15.0160331726,1.0,27
23.3842258453,1.79089307785,-13.838391304,1.0,27
23.3842258453,1.79089307785,-13.838391304,1.0,27
6.12606334686,1.25435972214,-21.7607212067,1.0,27
6.12606334686,1.25435972214,-21.7607212067,1.0,27
9.1218957901,15.1444778442,-10.2150478363,1.0,27
9.1218957901,15.1444778442,-10.2150478363,1.0,27
8.47206115723,3.51897597313,-6.71154022217,1.0,27
8.47206115723,3.51897597313,-6.71154022217,1.0,27
1.06456661224,-0.176567077637,1.22376382351,1.0,28
1.06456661224,-0.176567077637,1.22376382351,1.0,28
0.299770355225,0.102867364883,-3.13004350662,1.0,28
0.299770355225,0.102867364883,-3.13004350662,1.0,28
-1.64766693115,1.2784614563,-9.8797416687,1.0,28
-1.64766693115,1.2784614563,-9.8797416687,1.0,28
9.89809894562,-6.91682243347,-16.4444389343,1.0,28
9.89809894562,-6.91682243347,-16.4444389343,1.0,28
30.5815849304,-13.9550008774,-12.3733530045,1.0,28
30.5815849304,-13.9550008774,-12.3733530045,1.0,28
21.6261730194,7.61630582809,-5.80316925049,1.0,28
21.6261730194,7.61630582809,-5.80316925049,1.0,28
10.5203456879,3.20668458939,0.502305030823,1.0,28
10.5203456879,3.20668458939,0.502305030823,1.0,28
6.68531417847,-4.13640117645,1.59057331085,1.0,28
6.68531417847,-4.13640117645,1.59057331085,1.0,28
0.369819641113,0.195630073547,0.127103686333,1.0,29
0.369819641113,0.195630073547,0.127103686333,1.0,29
-1.13834571838,0.551350593567,-1.95241713524,1.0,29
-1.13834571838,0.551350593567,-1.95241713524,1.0,29
-1.89596390724,3.01682662964,-6.09224224091,1.0,29
-1.89596390724,3.01682662964,-6.09224224091,1.0,29
27.9370098114,0.220980167389,-3.96853637695,1.0,29
27.9370098114,0.220980167389,-3.96853637695,1.0,29
22.0649490356,-10.0990657806,-41.8557853699,1.0,29
22.0649490356,-10.0990657806,-41.8557853699,1.0,29
27.6537818909,12.7679271698,-15.676820755,1.0,29
27.6537818909,12.7679271698,-15.676820755,1.0,29
14.2365350723,2.01055407524,0.393723487854,1.0,29
14.2365350723,2.01055407524,0.393723487854,1.0,29
8.55444049835,-1.9306936264,0.744849205017,1.0,29
8.55444049835,-1.9306936264,0.744849205017,1.0,29
-4.00955724716,-4.89874982834,6.79372549057,2.0,30
-4.00955724716,-4.89874982834,6.79372549057,2.0,30
-5.08459472656,-1.91506099701,-2.18316984177,2.0,30
-5.08459472656,-1.91506099701,-2.18316984177,2.0,30
-2.3433713913,0.0341992378235,-7.62563848495,2.0,30
-2.3433713913,0.0341992378235,-7.62563848495,2.0,30
19.9537944794,6.28291320801,-0.6916847229,2.0,30
19.9537944794,6.28291320801,-0.6916847229,2.0,30
40.59009552,1.73294758797,7.76509571075,2.0,30
40.59009552,1.73294758797,7.76509571075,2.0,30
13.7873096466,22.7802124023,-13.9223041534,2.0,30
13.7873096466,22.7802124023,-13.9223041534,2.0,30
0.353499412537,-3.19206047058,-7.99172019958,2.0,30
0.353499412537,-3.19206047058,-7.99172019958,2.0,30
0.117809772491,-2.79317951202,-4.37024021149,2.0,30
0.117809772491,-2.79317951202,-4.37024021149,2.0,30
-1.62402570248,-3.71665287018,3.58392524719,2.0,31
-1.62402570248,-3.71665287018,3.58392524719,2.0,31
-1.09369754791,0.596950531006,-2.62249565125,2.0,31
-1.09369754791,0.596950531006,-2.62249565125,2.0,31
3.6958668232,6.4504160881,-13.5995359421,2.0,31
3.6958668232,6.4504160881,-13.5995359421,2.0,31
15.557091713,-1.76522552967,12.9789638519,2.0,31
15.557091713,-1.76522552967,12.9789638519,2.0,31
34.3140411377,-1.54370689392,5.26495265961,2.0,31
34.3140411377,-1.54370689392,5.26495265961,2.0,31
24.5035209656,-2.33460617065,-0.545046806335,2.0,31
24.5035209656,-2.33460617065,-0.545046806335,2.0,31
0.273169517517,-1.20346212387,-2.31907439232,2.0,31
0.273169517517,-1.20346212387,-2.31907439232,2.0,31
2.33515548706,1.85756969452,-4.22407865524,2.0,31
2.33515548706,1.85756969452,-4.22407865524,2.0,31
-0.453265309334,-2.31132507324,-0.390011310577,2.0,32
-0.453265309334,-2.31132507324,-0.390011310577,2.0,32
-0.0867295265198,-1.20436477661,-3.11354827881,2.0,32
-0.0867295265198,-1.20436477661,-3.11354827881,2.0,32
-1.48839855194,-1.06505393982,-1.97827148438,2.0,32
-1.48839855194,-1.06505393982,-1.97827148438,2.0,32
14.3916311264,4.00166606903,0.547162771225,2.0,32
14.3916311264,4.00166606903,0.547162771225,2.0,32
17.9603710175,10.9168701172,-18.6281890869,2.0,32
17.9603710175,10.9168701172,-18.6281890869,2.0,32
23.2096004486,8.38259983063,0.970569610596,2.0,32
23.2096004486,8.38259983063,0.970569610596,2.0,32
1.10209369659,4.95772027969,2.12594842911,2.0,32
1.10209369659,4.95772027969,2.12594842911,2.0,32
0.424021720886,-0.207748115063,-0.925113797188,2.0,32
0.424021720886,-0.207748115063,-0.925113797188,2.0,32
-2.40304923058,-1.68978404999,-1.49713730812,2.0,33
-2.40304923058,-1.68978404999,-1.49713730812,2.0,33
-0.00520420074463,-0.61076593399,-3.48317480087,2.0,33
-0.00520420074463,-0.61076593399,-3.48317480087,2.0,33
-1.33905220032,0.603398919106,-5.40975999832,2.0,33
-1.33905220032,0.603398919106,-5.40975999832,2.0,33
21.3800067902,4.53600502014,6.18809747696,2.0,33
21.3800067902,4.53600502014,6.18809747696,2.0,33
19.9051418304,7.95199298859,-14.6429271698,2.0,33
19.9051418304,7.95199298859,-14.6429271698,2.0,33
10.4976043701,4.55606555939,-3.42020106316,2.0,33
10.4976043701,4.55606555939,-3.42020106316,2.0,33
0.903240203857,-2.41989183426,0.36595749855,2.0,33
0.903240203857,-2.41989183426,0.36595749855,2.0,33
-0.248556137085,1.66727042198,0.217375636101,2.0,33
-0.248556137085,1.66727042198,0.217375636101,2.0,33
1.40825605392,1.7872812748,-4.52068710327,2.0,34
1.40825605392,1.7872812748,-4.52068710327,2.0,34
2.30173683167,4.53367185593,-10.0431051254,2.0,34
2.30173683167,4.53367185593,-10.0431051254,2.0,34
-12.7946529388,0.644857406616,-20.6622886658,2.0,34
-12.7946529388,0.644857406616,-20.6622886658,2.0,34
-27.4591445923,-11.6063671112,-10.1188354492,2.0,34
-27.4591445923,-11.6063671112,-10.1188354492,2.0,34
-45.3244590759,-6.43649673462,-2.30029773712,2.0,34
-45.3244590759,-6.43649673462,-2.30029773712,2.0,34
-10.491394043,-4.01930570602,9.07557201385,2.0,34
-10.491394043,-4.01930570602,9.07557201385,2.0,34
2.17663431168,0.317861557007,-0.604896664619,2.0,34
2.17663431168,0.317861557007,-0.604896664619,2.0,34
1.08863306046,-2.48902320862,-0.621714472771,2.0,34
1.08863306046,-2.48902320862,-0.621714472771,2.0,34
2.52876186371,3.82441806793,-4.28779506683,2.0,35
2.52876186371,3.82441806793,-4.28779506683,2.0,35
1.02579689026,6.85920143127,-12.649933815,2.0,35
1.02579689026,6.85920143127,-12.649933815,2.0,35
-22.2392406464,9.7834777832,-27.373046875,2.0,35
-22.2392406464,9.7834777832,-27.373046875,2.0,35
-40.2969741821,-22.0867576599,-31.2580699921,2.0,35
-40.2969741821,-22.0867576599,-31.2580699921,2.0,35
-55.1583557129,-15.3352308273,3.88173627853,2.0,35
-55.1583557129,-15.3352308273,3.88173627853,2.0,35
-4.34770488739,-4.39943695068,-0.806440114975,2.0,35
-4.34770488739,-4.39943695068,-0.806440114975,2.0,35
4.50961351395,-4.47513246536,0.522299051285,2.0,35
4.50961351395,-4.47513246536,0.522299051285,2.0,35
3.85646390915,-3.72228503227,0.13253569603,2.0,35
3.85646390915,-3.72228503227,0.13253569603,2.0,35
1.89772891998,2.24913334846,-1.69632911682,2.0,36
1.89772891998,2.24913334846,-1.69632911682,2.0,36
8.47266674042,4.23443698883,-6.35715723038,2.0,36
8.47266674042,4.23443698883,-6.35715723038,2.0,36
-9.1178188324,4.60329580307,-36.1928749084,2.0,36
-9.1178188324,4.60329580307,-36.1928749084,2.0,36
3.53578186035,-40.360748291,-44.3985557556,2.0,36
3.53578186035,-40.360748291,-44.3985557556,2.0,36
-57.9453811646,-14.4745388031,11.954205513,2.0,36
-57.9453811646,-14.4745388031,11.954205513,2.0,36
-12.1946191788,-12.6792135239,6.39743900299,2.0,36
-12.1946191788,-12.6792135239,6.39743900299,2.0,36
4.17006206512,-8.2834072113,-3.79826641083,2.0,36
4.17006206512,-8.2834072113,-3.79826641083,2.0,36
4.8777513504,-7.40115356445,-0.15462821722,2.0,36
4.8777513504,-7.40115356445,-0.15462821722,2.0,36
1.33258724213,1.77702450752,-2.65108060837,2.0,37
1.33258724213,1.77702450752,-2.65108060837,2.0,37
1.45446252823,-0.534222602844,-1.89025163651,2.0,37
1.45446252823,-0.534222602844,-1.89025163651,2.0,37
10.9732303619,10.4625320435,-11.7520112991,2.0,37
10.9732303619,10.4625320435,-11.7520112991,2.0,37
-28.963924408,14.0735635757,-40.9774246216,2.0,37
-28.963924408,14.0735635757,-40.9774246216,2.0,37
-86.7411422729,-29.9700813293,-47.9211921692,2.0,37
-86.7411422729,-29.9700813293,-47.9211921692,2.0,37
-47.2237892151,-31.5995464325,10.5630102158,2.0,37
-47.2237892151,-31.5995464325,10.5630102158,2.0,37
-2.57130432129,-4.32064628601,1.40033578873,2.0,37
-2.57130432129,-4.32064628601,1.40033578873,2.0,37
7.90818691254,-7.10091590881,-3.83464026451,2.0,37
7.90818691254,-7.10091590881,-3.83464026451,2.0,37
-1.96505236626,1.04530954361,-1.32473492622,2.0,38
-1.96505236626,1.04530954361,-1.32473492622,2.0,38
-0.716228485107,-0.190926551819,-0.600875377655,2.0,38
-0.716228485107,-0.190926551819,-0.600875377655,2.0,38
2.70842456818,4.55682086945,-0.704719781876,2.0,38
2.70842456818,4.55682086945,-0.704719781876,2.0,38
7.04406261444,6.06756973267,-19.4468574524,2.0,38
7.04406261444,6.06756973267,-19.4468574524,2.0,38
-72.5916595459,-41.1112747192,-7.44557619095,2.0,38
-72.5916595459,-41.1112747192,-7.44557619095,2.0,38
-62.8156280518,-16.8447952271,-5.04154729843,2.0,38
-62.8156280518,-16.8447952271,-5.04154729843,2.0,38
-37.2841415405,-18.3768939972,7.44645595551,2.0,38
-37.2841415405,-18.3768939972,7.44645595551,2.0,38
-1.96838569641,-5.31706142426,1.04934048653,2.0,38
-1.96838569641,-5.31706142426,1.04934048653,2.0,38
-1.38721239567,2.55629777908,-2.39311313629,2.0,39
-1.38721239567,2.55629777908,-2.39311313629,2.0,39
-0.614391803741,2.7414264679,-1.94445109367,2.0,39
-0.614391803741,2.7414264679,-1.94445109367,2.0,39
8.38780593872,-2.64477586746,5.79154872894,2.0,39
8.38780593872,-2.64477586746,5.79154872894,2.0,39
-7.89400434494,14.4060916901,-31.742521286,2.0,39
-7.89400434494,14.4060916901,-31.742521286,2.0,39
15.5237731934,9.68624687195,-76.3472824097,2.0,39
15.5237731934,9.68624687195,-76.3472824097,2.0,39
-62.0241622925,-23.7154655457,-0.413642883301,2.0,39
-62.0241622925,-23.7154655457,-0.413642883301,2.0,39
-12.3950681686,-7.73835420609,-1.7952671051,2.0,39
-12.3950681686,-7.73835420609,-1.7952671051,2.0,39
5.59554815292,-6.23592710495,-9.41247940063,2.0,39
5.59554815292,-6.23592710495,-9.41247940063,2.0,39
-1.95627331734,3.78013944626,-0.59694314003,2.0,40
-1.95627331734,3.78013944626,-0.59694314003,2.0,40
1.68056058884,1.66166639328,-2.44445109367,2.0,40
1.68056058884,1.66166639328,-2.44445109367,2.0,40
7.20770454407,7.51213359833,-2.43072080612,2.0,40
7.20770454407,7.51213359833,-2.43072080612,2.0,40
-3.04721355438,22.6611175537,-19.7996673584,2.0,40
-3.04721355438,22.6611175537,-19.7996673584,2.0,40
-22.5436611176,-49.06690979,-33.9673156738,2.0,40
-22.5436611176,-49.06690979,-33.9673156738,2.0,40
-62.3532714844,-6.14191913605,-9.57570934296,2.0,40
-62.3532714844,-6.14191913605,-9.57570934296,2.0,40
-16.3701305389,-4.11523628235,-4.74477100372,2.0,40
-16.3701305389,-4.11523628235,-4.74477100372,2.0,40
6.30511856079,0.989562988281,-3.66122508049,2.0,40
6.30511856079,0.989562988281,-3.66122508049,2.0,40
3.81724739075,2.57787370682,0.984416425228,2.0,41
3.81724739075,2.57787370682,0.984416425228,2.0,41
1.72810459137,11.6490030289,-5.28749704361,2.0,41
1.72810459137,11.6490030289,-5.28749704361,2.0,41
-15.4053821564,26.4785118103,-4.86827945709,2.0,41
-15.4053821564,26.4785118103,-4.86827945709,2.0,41
5.17990064621,-9.78708553314,-25.027797699,2.0,41
5.17990064621,-9.78708553314,-25.027797699,2.0,41
-50.7307739258,-7.38217163086,-2.55857849121,2.0,41
-50.7307739258,-7.38217163086,-2.55857849121,2.0,41
-18.8521003723,-3.39466714859,-5.28070640564,2.0,41
-18.8521003723,-3.39466714859,-5.28070640564,2.0,41
6.11359548569,-0.0962705612183,-5.36936283112,2.0,41
6.11359548569,-0.0962705612183,-5.36936283112,2.0,41
4.85916805267,0.558604240417,-5.72706270218,2.0,41
4.85916805267,0.558604240417,-5.72706270218,2.0,41
3.40917062759,2.0378370285,1.08274459839,2.0,42
3.40917062759,2.0378370285,1.08274459839,2.0,42
-1.78200960159,18.2535305023,-7.72354793549,2.0,42
-1.78200960159,18.2535305023,-7.72354793549,2.0,42
-44.8093566895,15.5480012894,-3.98572015762,2.0,42
-44.8093566895,15.5480012894,-3.98572015762,2.0,42
-36.5753097534,0.103424549103,-18.1479034424,2.0,42
-36.5753097534,0.103424549103,-18.1479034424,2.0,42
-48.2392158508,-5.90958404541,-6.81067657471,2.0,42
-48.2392158508,-5.90958404541,-6.81067657471,2.0,42
-3.81908178329,-1.41010904312,-4.33960390091,2.0,42
-3.81908178329,-1.41010904312,-4.33960390091,2.0,42
8.24853992462,-1.72431731224,-5.19975042343,2.0,42
8.24853992462,-1.72431731224,-5.19975042343,2.0,42
5.20275020599,-1.40418195724,-5.63891220093,2.0,42
5.20275020599,-1.40418195724,-5.63891220093,2.0,42
3.47634792328,2.78452301025,0.112818554044,2.0,43
3.47634792328,2.78452301025,0.112818554044,2.0,43
6.59476661682,9.60613155365,0.0805385112762,2.0,43
6.59476661682,9.60613155365,0.0805385112762,2.0,43
-26.9777946472,43.1522521973,-9.05306529999,2.0,43
-26.9777946472,43.1522521973,-9.05306529999,2.0,43
-13.1501808167,12.3343610764,-40.2008399963,2.0,43
-13.1501808167,12.3343610764,-40.2008399963,2.0,43
-64.8416748047,-4.97378730774,-7.20142745972,2.0,43
-64.8416748047,-4.97378730774,-7.20142745972,2.0,43
-12.3480167389,-0.660754203796,-5.18877744675,2.0,43
-12.3480167389,-0.660754203796,-5.18877744675,2.0,43
6.12663173676,0.26673078537,-8.20163154602,2.0,43
6.12663173676,0.26673078537,-8.20163154602,2.0,43
5.98571538925,0.508697748184,-8.76246261597,2.0,43
5.98571538925,0.508697748184,-8.76246261597,2.0,43
-0.409007787704,-0.160466194153,-0.149711847305,2.0,44
-0.409007787704,-0.160466194153,-0.149711847305,2.0,44
-0.434537887573,0.863168716431,1.86350560188,2.0,44
-0.434537887573,0.863168716431,1.86350560188,2.0,44
3.25007724762,0.803226470947,-0.23531383276,2.0,44
3.25007724762,0.803226470947,-0.23531383276,2.0,44
9.04230976105,12.1845960617,-8.83312320709,2.0,44
9.04230976105,12.1845960617,-8.83312320709,2.0,44
-85.5745391846,-81.4042205811,-21.4427833557,2.0,44
-85.5745391846,-81.4042205811,-21.4427833557,2.0,44
-61.7997627258,-0.834114074707,-23.5506267548,2.0,44
-61.7997627258,-0.834114074707,-23.5506267548,2.0,44
-18.8435764313,-4.5855922699,-4.28484010696,2.0,44
-18.8435764313,-4.5855922699,-4.28484010696,2.0,44
3.86276769638,-0.466600418091,-0.581458210945,2.0,44
3.86276769638,-0.466600418091,-0.581458210945,2.0,44
